{"cameraMode":{"drawMode":0,"name":"Shaded","section":"Shading Mode"},"sceneLighting":true,"audioPlay":false,"sceneViewState":{"showFog":true,"showMaterialUpdate":false,"showSkybox":true,"showFlares":true,"showImageEffects":true,"showParticleSystems":true},"in2DMode":false,"pivot":{"x":5.947837829589844,"y":-0.32741737365722659,"z":12.723550796508789},"rotation":{"x":0.11782519519329071,"y":0.32041236758232119,"z":-0.04017895460128784,"w":0.9390779137611389},"size":15.254837989807129,"orthographic":false}